{"Train loss": 0.038320302963256836, "_runtime": 19, "_timestamp": 1646054248, "_step": 94, "Valid loss": 0.012568361110975338, "_wandb": {"runtime": 21}}