{"Epoch": 0, "Train loss val": 0.10015869140625, "Train loss avg": 0.12798797463957193, "Accuracy val": 0.012987012987012988, "Accuracy avg": 0.01747605231647785, "_runtime": 16, "_timestamp": 1646647086, "_step": 93, "_wandb": {"runtime": 19}}