{"Epoch": 2, "Train loss val": 0.04932248592376709, "Train loss avg": 0.0491845153272152, "Accuracy val": 0.004464285714285714, "Accuracy avg": 0.018452380952380953, "_runtime": 33, "_timestamp": 1646658093, "_step": 206, "Valid loss": 0.05900007289648056, "Valid accuracy value": 0.012987012987012988, "Table": {"_type": "table-file", "path": "media/table/Table_191_a4d70f1f0cce7af8229c.table.json", "sha256": "a4d70f1f0cce7af8229cb95f623434bbac27d90df9496f96b5fdc5c69dabdd4b", "size": 126, "artifact_path": "wandb-client-artifact://ret2toeex0ike30hgw96wis6rx8sa3caa866h0z33ar1jrhxrm6if4ddunldvp3ebp6s8dxq7jji2287eqagsmggq0ofb0vre9j136mhjhs4ywbg33wz5u7dvrwf94n8:latest/Table.table.json", "_latest_artifact_path": "wandb-client-artifact://ret2toeex0ike30hgw96wis6rx8sa3caa866h0z33ar1jrhxrm6if4ddunldvp3ebp6s8dxq7jji2287eqagsmggq0ofb0vre9j136mhjhs4ywbg33wz5u7dvrwf94n8:latest/Table.table.json", "ncols": 2, "nrows": 4}, "_wandb": {"runtime": 35}}