{"Epoch": 0, "Train loss val": 0.10013619065284729, "Train loss avg": 0.15097333446115235, "Accuracy val": 0, "Accuracy avg": 0, "_runtime": 16, "_timestamp": 1646395992, "_step": 93, "_wandb": {"runtime": 19}}