{"Train loss": 0.13551402197351767, "_runtime": 17, "_timestamp": 1646064210, "_step": 94, "Valid loss": 0.1128497599363327, "_wandb": {"runtime": 19}}