{"Epoch": 0, "Train loss val": 0.09716945886611938, "Train loss avg": 0.12944530013245373, "Accuracy val": 0.0, "Accuracy avg": 0.01690729483282675, "_runtime": 18, "_timestamp": 1646657701, "_step": 94, "Valid loss": 0.10607482755184174, "Valid accuracy value": 0.0}