{"Epoch": 0, "Train loss val": 0.14799357950687408, "Train loss avg": 0.16848102341527524, "Accuracy val": 0.008928571428571428, "Accuracy avg": 0.014751552795031056, "_runtime": 7, "_timestamp": 1646658154, "_step": 22, "_wandb": {"runtime": 9}}