{"Epoch": 49, "Train loss val": 0.006429689470678568, "Train loss avg": 0.006370134579279946, "Accuracy val": 0.14285714285714282, "Accuracy avg": 0.13240248226950352, "_runtime": 667, "_timestamp": 1646659372, "_step": 4799, "Valid loss": 0.00642470183223486, "Valid accuracy value": 0.14285714285714282, "Table": {"_type": "table-file", "path": "media/table/Table_4799_a4d70f1f0cce7af8229c.table.json", "sha256": "a4d70f1f0cce7af8229cb95f623434bbac27d90df9496f96b5fdc5c69dabdd4b", "size": 126, "artifact_path": "wandb-client-artifact://aqy6vp3d9o1oqxrnnm262zxa7m3s4q3965dym2vq412hnshvvsdea5vnt9c349vgmmkok6nf81ju20q1868cwassgpbkbjjowi7tnto4dtujt61e5umcjnwzevp7xgpm:latest/Table.table.json", "_latest_artifact_path": "wandb-client-artifact://aqy6vp3d9o1oqxrnnm262zxa7m3s4q3965dym2vq412hnshvvsdea5vnt9c349vgmmkok6nf81ju20q1868cwassgpbkbjjowi7tnto4dtujt61e5umcjnwzevp7xgpm:latest/Table.table.json", "ncols": 2, "nrows": 4}, "_wandb": {"runtime": 668}}