{"Epoch": 0, "Train loss val": 0.0823763906955719, "Train loss avg": 0.10821285557556025, "Accuracy val": 0, "Accuracy avg": 0, "_runtime": 16, "_timestamp": 1646395964, "_step": 93}