{"Train loss": 0.03496333717768037, "_runtime": 19, "_timestamp": 1646052453, "_step": 187, "Valid loss": 0.011763639635641907, "_wandb": {"runtime": 21}}