{"Epoch": 0, "Train loss val": 0.14682704210281372, "Train loss avg": 0.16541374121841632, "Accuracy val": 0.008928571428571428, "Accuracy avg": 0.013392857142857142, "_runtime": 7, "_timestamp": 1646658190, "_step": 18, "_wandb": {"runtime": 8}}