{"Epoch": 18, "Train loss val": 0.0073482259176671505, "Train loss avg": 0.007581440915696715, "Accuracy val": 0.05357142857142857, "Accuracy avg": 0.04911889097744361, "_runtime": 252, "_timestamp": 1646658689, "_step": 1803, "Valid loss": 0.0076158311404287814, "Valid accuracy value": 0.04545454545454546, "Table": {"_type": "table-file", "path": "media/table/Table_1727_a4d70f1f0cce7af8229c.table.json", "sha256": "a4d70f1f0cce7af8229cb95f623434bbac27d90df9496f96b5fdc5c69dabdd4b", "size": 126, "artifact_path": "wandb-client-artifact://z0o880yuqj3w3qtv3rso7l6d58qcol5qfp65qmu95c7xi0htuk4a4k8rkt3og3yu086x2kupjv0p6myhbxn9953kdirhe59q9gypoducd3dfnbilhzf40eqazht35iln:latest/Table.table.json", "_latest_artifact_path": "wandb-client-artifact://z0o880yuqj3w3qtv3rso7l6d58qcol5qfp65qmu95c7xi0htuk4a4k8rkt3og3yu086x2kupjv0p6myhbxn9953kdirhe59q9gypoducd3dfnbilhzf40eqazht35iln:latest/Table.table.json", "ncols": 2, "nrows": 4}, "_wandb": {"runtime": 253}}