{"Epoch": 3, "Train loss val": 0.02721903659403324, "Train loss avg": 0.029386564797486168, "Accuracy val": 0.03125, "Accuracy avg": 0.02297403901319564, "_runtime": 54, "_timestamp": 1646658428, "_step": 370, "Valid loss": 0.040210686802864076, "Valid accuracy value": 0.025974025974025976, "Table": {"_type": "table-file", "path": "media/table/Table_287_a4d70f1f0cce7af8229c.table.json", "sha256": "a4d70f1f0cce7af8229cb95f623434bbac27d90df9496f96b5fdc5c69dabdd4b", "size": 126, "artifact_path": "wandb-client-artifact://9j5vxleiamg4crv4lr8dy104sl7w4i9udqbesy9ehk867pomfnm6sxtz38pxfadgw7vzti89i8n5c510uuri84vw7ro3bj1n1r4zhff6hlrbuod50m7aiy2k36y19lj5:latest/Table.table.json", "_latest_artifact_path": "wandb-client-artifact://9j5vxleiamg4crv4lr8dy104sl7w4i9udqbesy9ehk867pomfnm6sxtz38pxfadgw7vzti89i8n5c510uuri84vw7ro3bj1n1r4zhff6hlrbuod50m7aiy2k36y19lj5:latest/Table.table.json", "ncols": 2, "nrows": 4}, "_wandb": {"runtime": 56}}