{"Train loss": 0.037506324040881785, "_runtime": 19, "_timestamp": 1646054421, "_step": 94, "Valid loss": 0.012595959853945056, "_wandb": {"runtime": 21}}