{"Epoch": 0, "Train loss val": 0.12189707159996033, "Train loss avg": 0.13479897019363218, "Accuracy val": 0.008928571428571428, "Accuracy avg": 0.016417050691244238, "_runtime": 8, "_timestamp": 1646658219, "_step": 30, "_wandb": {"runtime": 10}}