{"Epoch": 1, "Train loss val": 0.07476405799388885, "Train loss avg": 0.07869875195779298, "Accuracy val": 0.013392857142857142, "Accuracy avg": 0.018796992481203006, "_runtime": 21, "_timestamp": 1646658361, "_step": 114, "Valid loss": 0.09463012701272965, "Valid accuracy value": 0.006493506493506494, "Table": {"_type": "table-file", "path": "media/table/Table_95_a4d70f1f0cce7af8229c.table.json", "sha256": "a4d70f1f0cce7af8229cb95f623434bbac27d90df9496f96b5fdc5c69dabdd4b", "size": 126, "artifact_path": "wandb-client-artifact://v7ronitkfjmg7f1ruug5t2nvkxd8zxud7crqjdhkovayi2mppqzrqm2adzsti4p3l2jqdh2hmy172kjb32emsifjesm2p4ig418djm0dkozyzcbgxn89cvni6uc7e4xp:latest/Table.table.json", "_latest_artifact_path": "wandb-client-artifact://v7ronitkfjmg7f1ruug5t2nvkxd8zxud7crqjdhkovayi2mppqzrqm2adzsti4p3l2jqdh2hmy172kjb32emsifjesm2p4ig418djm0dkozyzcbgxn89cvni6uc7e4xp:latest/Table.table.json", "ncols": 2, "nrows": 4}, "_wandb": {"runtime": 22}}