{"Train loss": 0.04014749751190808, "_runtime": 19, "_timestamp": 1646053534, "_step": 94, "Valid loss": 0.012573302410955505, "_wandb": {"runtime": 21}}