{"Epoch": 1, "Train loss val": 0.07328638434410095, "Train loss avg": 0.08613926135003566, "Accuracy val": 0.013392857142857142, "Accuracy avg": 0.015178571428571428, "_runtime": 22, "_timestamp": 1646658021, "_step": 115, "Valid loss": 0.10340077358484268, "Valid accuracy value": 0.027272727272727275, "Table": {"_type": "table-file", "path": "media/table/Table_95_a4d70f1f0cce7af8229c.table.json", "sha256": "a4d70f1f0cce7af8229cb95f623434bbac27d90df9496f96b5fdc5c69dabdd4b", "size": 126, "artifact_path": "wandb-client-artifact://6e2b29m79eso7yqg4xkaarg63bjs0hofi1rqhnth1m8j8dr32l2lp80plvtzw9cpv2hnmjdroj65y00gp6l7rnmxumiydmgl8dtcg6lvl8r3rpcbva5t9mclxornplmg:latest/Table.table.json", "_latest_artifact_path": "wandb-client-artifact://6e2b29m79eso7yqg4xkaarg63bjs0hofi1rqhnth1m8j8dr32l2lp80plvtzw9cpv2hnmjdroj65y00gp6l7rnmxumiydmgl8dtcg6lvl8r3rpcbva5t9mclxornplmg:latest/Table.table.json", "ncols": 2, "nrows": 4}, "_wandb": {"runtime": 22}}