{"Train loss": 0.035828291636713354, "_runtime": 19, "_timestamp": 1646053050, "_step": 187, "Valid loss": 0.01206900022322532, "_wandb": {"runtime": 21}}