{"Epoch": 0, "Train loss val": 0.0822075679898262, "Train loss avg": 0.11917873099197779, "Accuracy val": 0.006493506493506494, "Accuracy avg": 0.019544130514875194, "_runtime": 16, "_timestamp": 1646647186, "_step": 93, "_wandb": {"runtime": 19}}