{"Train loss": 0.03951795972272346, "_runtime": 19, "_timestamp": 1646053346, "_step": 94, "Valid loss": 0.012567058341047063, "_wandb": {"runtime": 21}}