{"Epoch": 0, "Train loss val": 0.1365603357553482, "Train loss avg": 0.15682416347165903, "Accuracy val": 0.008928571428571428, "Accuracy avg": 0.016555059523809524, "_runtime": 7, "_timestamp": 1646657914, "_step": 23, "_wandb": {"runtime": 9}}