{"Epoch": 499, "Train loss val": 0.000668068416416645, "Train loss avg": 0.0006240934277670315, "Accuracy val": 0, "Accuracy avg": 0, "_runtime": 6057, "_timestamp": 1646402101, "_step": 46999, "_wandb": {"runtime": 6059}}