{"Epoch": 0, "Train loss val": 0.10989510267972946, "Train loss avg": 0.12803637092151948, "Accuracy val": 0.008928571428571428, "Accuracy avg": 0.018001152073732717, "_runtime": 9, "_timestamp": 1646648120, "_step": 30, "_wandb": {"runtime": 11}}