{"Epoch": 1, "Train loss val": 0.05581563711166382, "Train loss avg": 0.06953361216518614, "Accuracy val": 0.04017857142857143, "Accuracy avg": 0.01951058201058201, "_runtime": 29, "_timestamp": 1646648001, "_step": 176, "Valid loss": 0.09570247793197632, "Valid accuracy value": 0.03246753246753247, "Table": {"_type": "table-file", "path": "media/table/Table_95_a4d70f1f0cce7af8229c.table.json", "sha256": "a4d70f1f0cce7af8229cb95f623434bbac27d90df9496f96b5fdc5c69dabdd4b", "size": 126, "artifact_path": "wandb-client-artifact://140kkmxlfjicfrmtys9hxgkqsg13av24y3jokaoutv3nf6z66bmx75l7a9bei022gibkquzo20odnozg2arrlnf1u3jzll0t0p6vrbaob0og4d6rxu6uioxosnn5t9op:latest/Table.table.json", "_latest_artifact_path": "wandb-client-artifact://140kkmxlfjicfrmtys9hxgkqsg13av24y3jokaoutv3nf6z66bmx75l7a9bei022gibkquzo20odnozg2arrlnf1u3jzll0t0p6vrbaob0og4d6rxu6uioxosnn5t9op:latest/Table.table.json", "ncols": 2, "nrows": 4}}