{"Train loss": 0.03508613872999764, "_runtime": 19, "_timestamp": 1646053268, "_step": 94, "Valid loss": 0.012347888088399287, "_wandb": {"runtime": 21}}