{"Epoch": 0, "Train loss val": 0.11461814492940903, "Train loss avg": 0.1361464997753501, "Accuracy val": 0, "Accuracy avg": 0, "_runtime": 11, "_timestamp": 1646395447, "_step": 47, "_wandb": {"runtime": 13}}