{"Train loss": 0.0361279544791454, "_runtime": 19, "_timestamp": 1646053598, "_step": 94, "Valid loss": 0.01171772411618732, "_wandb": {"runtime": 21}}