{"Train loss": 0.03776536333816421, "_runtime": 19, "_timestamp": 1646053708, "_step": 94, "Valid loss": 0.01292125890783225, "_wandb": {"runtime": 21}}