{"Epoch": 0, "Train loss val": 0.0970754623413086, "Train loss avg": 0.1202335256668152, "Accuracy val": 0.025974025974025976, "Accuracy avg": 0.01803847747996684, "_runtime": 16, "_timestamp": 1646647138, "_step": 93, "_wandb": {"runtime": 19}}