{"Epoch": 0, "Train loss val": 0.09164714068174362, "Train loss avg": 0.1150367144119986, "Accuracy val": 0.01948051948051948, "Accuracy avg": 0.01892557796813116, "_runtime": 17, "_timestamp": 1646647638, "_step": 93, "_wandb": {"runtime": 19}}