{"Epoch": 0, "Train loss val": 0.1087496429681778, "Train loss avg": 0.14905680469507532, "Accuracy val": 0, "Accuracy avg": 0, "_runtime": 16, "_timestamp": 1646395847, "_step": 93, "_wandb": {"runtime": 18}}