{"Epoch": 0, "Train loss val": 0.08195553719997406, "Train loss avg": 0.11844202831357697, "Accuracy val": 0.0, "Accuracy avg": 0.019709346504559272, "_runtime": 17, "_timestamp": 1646640114, "_step": 93, "_wandb": {"runtime": 18}}