{"Train loss": 0.04083495640479838, "_runtime": 19, "_timestamp": 1646053771, "_step": 94, "Valid loss": 0.013408915626209446, "_wandb": {"runtime": 21}}